<MissionPackageManifest version="2">
   <Configuration>
      <Parameter name="uid" value="6b903004-eee5-4f77-9dae-a83f9ace9807"/>
      <Parameter name="name" value="CoT Types"/>
   </Configuration>
   <Contents>
      <Content ignore="false" zipEntry="a0c524c6-0422-4382-9981-e39d1dc71730/a0c524c6-0422-4382-9981-e39d1dc71730.cot">
         <Parameter name="uid" value="a0c524c6-0422-4382-9981-e39d1dc71730"/>
         <Parameter name="name" value="U.16.135057"/>
      </Content>
      <Content ignore="false" zipEntry="4a0f4f84-240c-4ff9-b7b0-d08beec900b3/4a0f4f84-240c-4ff9-b7b0-d08beec900b3.cot">
         <Parameter name="uid" value="4a0f4f84-240c-4ff9-b7b0-d08beec900b3"/>
         <Parameter name="name" value="hiker 1"/>
      </Content>
      <Content ignore="false" zipEntry="9405e320-9356-41c4-8449-f46990aa17f8/9405e320-9356-41c4-8449-f46990aa17f8.cot">
         <Parameter name="uid" value="9405e320-9356-41c4-8449-f46990aa17f8"/>
         <Parameter name="name" value="R 1"/>
      </Content>
      <Content ignore="false" zipEntry="9017073e-5658-42e7-baa8-b98f3c9c1622/9017073e-5658-42e7-baa8-b98f3c9c1622.cot">
         <Parameter name="uid" value="9017073e-5658-42e7-baa8-b98f3c9c1622"/>
         <Parameter name="name" value="Route 1"/>
      </Content>
      <Content ignore="false" zipEntry="6d09b6f6-720a-4eef-a197-183012512316/6d09b6f6-720a-4eef-a197-183012512316.cot">
         <Parameter name="uid" value="6d09b6f6-720a-4eef-a197-183012512316"/>
         <Parameter name="name" value="Drawing Circle 1"/>
      </Content>
      <Content ignore="false" zipEntry="455a0f80-09d1-4088-beb8-ce30cfd34103/455a0f80-09d1-4088-beb8-ce30cfd34103.cot">
         <Parameter name="uid" value="455a0f80-09d1-4088-beb8-ce30cfd34103"/>
         <Parameter name="name" value="Freehand 1"/>
      </Content>
      <Content ignore="false" zipEntry="d0be1c6b-4d86-40ec-bf8f-0e94b621eb3b/d0be1c6b-4d86-40ec-bf8f-0e94b621eb3b.cot">
         <Parameter name="uid" value="d0be1c6b-4d86-40ec-bf8f-0e94b621eb3b"/>
         <Parameter name="name" value="Geo Fence Circle"/>
      </Content>
      <Content ignore="false" zipEntry="f48ad69d-31de-4089-bbf0-6533cbb1aa77/f48ad69d-31de-4089-bbf0-6533cbb1aa77.cot">
         <Parameter name="uid" value="f48ad69d-31de-4089-bbf0-6533cbb1aa77"/>
         <Parameter name="name" value="Rectangle 1"/>
      </Content>
      <Content ignore="false" zipEntry="b112202e-dd33-4fc7-8d3d-09a14e296011/b112202e-dd33-4fc7-8d3d-09a14e296011.cot">
         <Parameter name="uid" value="b112202e-dd33-4fc7-8d3d-09a14e296011"/>
         <Parameter name="name" value="Shape 1"/>
      </Content>
      <Content ignore="false" zipEntry="4f9c3ccf-7dfc-4ff6-be97-dad745401c5f/4f9c3ccf-7dfc-4ff6-be97-dad745401c5f.cot">
         <Parameter name="uid" value="4f9c3ccf-7dfc-4ff6-be97-dad745401c5f"/>
         <Parameter name="name" value="Bullseye 1"/>
      </Content>
      <Content ignore="false" zipEntry="58df2fcd-e33e-414f-a718-b18b50cd3137/58df2fcd-e33e-414f-a718-b18b50cd3137.cot">
         <Parameter name="uid" value="58df2fcd-e33e-414f-a718-b18b50cd3137"/>
         <Parameter name="name" value="R&amp;B 1"/>
      </Content>
      <Content ignore="false" zipEntry="9655dd2a-a8ee-4ca0-aae4-ac3c0522e5e5/9655dd2a-a8ee-4ca0-aae4-ac3c0522e5e5.cot">
         <Parameter name="uid" value="9655dd2a-a8ee-4ca0-aae4-ac3c0522e5e5"/>
         <Parameter name="name" value="R&amp;B Circle 1"/>
      </Content>
      <Content ignore="false" zipEntry="47e9b7fd-969d-471c-b9de-0acc8aa84ef2/47e9b7fd-969d-471c-b9de-0acc8aa84ef2.cot">
         <Parameter name="uid" value="47e9b7fd-969d-471c-b9de-0acc8aa84ef2"/>
         <Parameter name="name" value="N.16.135210"/>
      </Content>
      <Content ignore="false" zipEntry="42dd829989d2b080c2b92b052f48d010/20201216_135257.jpg">
         <Parameter name="uid" value="47e9b7fd-969d-471c-b9de-0acc8aa84ef2"/>
      </Content>
   </Contents>
</MissionPackageManifest>