<iconset name="GeoOps" uid="83198b4872a8c34eb9c549da8a4de5a28f07821185b39a2277948f66c24ac17a" defaultGroup="WildFire" skipResize="false" version="10">

    <!-- Per Andreas.Johansson@CoronaCA.gov and brad.schmidt@state.co.us, the Wildfire iconset has now been replaced with
          the new symbology called GeoOps.  Icons have been removed as directed to comply with the new symbology -->
    <icon name="Aerial Hazard.png" type2525b="a-n-G"/>
    <icon name="Airstrip or Airport.png" type2525b="a-n-G"/>
    <icon name="Aviation Check Point.png" type2525b="a-n-G"/>
    <icon name="Branch Break.png" type2525b="a-n-G"/>
    <icon name="Bridge.png" type2525b="a-n-G"/>
    <icon name="Camp.png" type2525b="a-n-G"/>
    <icon name="Clean Up Area.png" type2525b="a-n-G"/>
    <icon name="Closure.png" type2525b="a-n-G"/>
    <icon name="Culvert.png" type2525b="a-n-G"/>
    <icon name="Dip Site.png" type2525b="a-n-G"/>
    <icon name="Division Break.png" type2525b="a-n-G"/>
    <icon name="Dozer Push.png" type2525b="a-n-G"/>
    <icon name="Drop Point.png" type2525b="a-n-G"/>
    <icon name="Fence Cut or Damaged.png" type2525b="a-n-G"/>
    <icon name="Fire Location.png" type2525b="a-n-G"/>
    <icon name="Fire Origin.png" type2525b="a-n-G"/>
    <icon name="Fire Station.png" type2525b="a-n-G"/>
    <icon name="Gate.png" type2525b="a-n-G"/>
    <icon name="Hazard.png" type2525b="a-n-G"/>
    <icon name="Hazard Tree.png" type2525b="a-n-G"/>
    <icon name="Helibase.png" type2525b="a-n-G"/>
    <icon name="Helispot.png" type2525b="a-n-G"/>
    <icon name="Hot Spot or Spot Fire.png" type2525b="a-n-G"/>
    <icon name="Incident Command Post.png" type2525b="a-n-G"/>
    <icon name="Internet Access.png" type2525b="a-n-G"/>
    <icon name="Landing or Log Deck.png" type2525b="a-n-G"/>
    <icon name="Landmark.png" type2525b="a-n-G"/>
    <icon name="Lookout.png" type2525b="a-n-G"/>
    <icon name="Medical.png" type2525b="a-n-G"/>
    <icon name="Mobile Retardant Base.png" type2525b="a-n-G"/>
    <icon name="Mobile Weather Unit.png" type2525b="a-n-G"/>
    <icon name="Other.png" type2525b="a-n-G"/>
    <icon name="Repair Point.png" type2525b="a-n-G"/>
    <icon name="Repeater.png" type2525b="a-n-G"/>
    <icon name="Resource Location.png" type2525b="a-n-G"/>
    <icon name="Restricted Water Source.png" type2525b="a-n-G"/>
    <icon name="Retardant Avoidance Area.png" type2525b="a-n-G"/>
    <icon name="Road Repair.png" type2525b="a-n-G"/>
    <icon name="Safety Zone.png" type2525b="a-n-G"/>
    <icon name="Sling Site.png" type2525b="a-n-G"/>
    <icon name="Staging Area.png" type2525b="a-n-G"/>
    <icon name="Stream Crossing.png" type2525b="a-n-G"/>
    <icon name="Structure Wrap.png" type2525b="a-n-G"/>
    <icon name="Unimproved Landing Zone.png" type2525b="a-n-G"/>
    <icon name="Value at Risk.png" type2525b="a-n-G"/>
    <icon name="Water Development for Draft Site.png" type2525b="a-n-G"/>
    <icon name="Water Source.png" type2525b="a-n-G"/>
    <icon name="Zone Break.png" type2525b="a-n-G"/>
</iconset>
